﻿pos_x,pos_y,rotation,side,designator,mpn,pack,footprint,value,mount_type
26.0,9.495,180.0,top,BT1,2460,,BatteryHolder_Keystone_2460_1xAA,3v3 AA,tht
14.25,24.5,90.0,top,BZ1,CPT-9019S-SMT-TR,,Buzzer_CUI_CPT-9019S-SMT,Buzzer,smt
-20.27,20.38,180.0,top,C1,CL10B104KO8NNNC,,C_0603_1608Metric,100n,smt
33.425,5.0,0.0,top,C10,CL10B104KO8NNNC,,C_0603_1608Metric,100n,smt
-3.0,28.5,180.0,top,C11,CL10B104KO8NNNC,,C_0603_1608Metric,100n,smt
35.925,2.275,-90.0,top,C12,CL10B104KO8NNNC,,C_0603_1608Metric,100n,smt
5.0,36.5,0.0,top,C13,CL10B104KO8NNNC,,C_0603_1608Metric,100n,smt
0.28,58.375,180.0,top,C14,CL10B104KO8NNNC,,C_0603_1608Metric,100n,smt
8.08,20.725,90.0,top,C15,CL10B104KO8NNNC,,C_0603_1608Metric,4u7,smt
-13.0,33.525,0.0,top,C16,CL10B104KO8NNNC,,C_0603_1608Metric,100n,smt
5.0,38.25,0.0,top,C17,CL10A475KP8NNNC,,C_0603_1608Metric,4u7,smt
21.0,22.5,90.0,top,C18,  GRM31CR61A476ME15L ,,C_1206_3216Metric,47u,smt
5.0,53.525,90.0,top,C19,CL10B104KO8NNNC,,C_0603_1608Metric,100n,smt
2.23,39.89,-90.0,top,C2,CC0603JRNPO8BN100,,C_0603_1608Metric,10P,smt
22.0,31.5,-90.0,top,C20,CL10B104KO8NNNC,,C_0603_1608Metric,100n,smt
-3.5,69.5,-90.0,top,C21,CL10B104KO8NNNC,,C_0603_1608Metric,100n,smt
21.0,27.525,90.0,top,C22,  GRM31CR61A476ME15L ,,C_1206_3216Metric,47u,smt
-4.5,30.75,-90.0,top,C23,CL10B104KO8NNNC,,C_0603_1608Metric,100n,smt
-0.2,23.4,45.0,top,C24,CL10B104KO8NNNC,,C_0603_1608Metric,100n,smt
0.29,65.495,0.0,top,C25,CC0603JRNPO8BN100,,C_0603_1608Metric,10P,smt
-9.92,41.58,-90.0,top,C26,CL10B104KO8NNNC,,C_0603_1608Metric,100n,smt
0.7,39.89,-90.0,top,C3,CC0603JRNPO8BN100,,C_0603_1608Metric,10P,smt
-1.0,38.0,90.0,top,C4,CL10B104KO8NNNC,,C_0603_1608Metric,100n,smt
-2.47,39.75,90.0,top,C5,CL10A475KP8NNNC,,C_0603_1608Metric,4u7,smt
8.08,23.75,-90.0,top,C6,CL10A225KP8NNNC,,C_0603_1608Metric,2u2,smt
7.775,26.0,0.0,top,C7,CL10A225KP8NNNC,,C_0603_1608Metric,2u2,smt
-5.75,33.0,180.0,top,C8,CL10B104KO8NNNC,,C_0603_1608Metric,100n,smt
7.75,27.5,0.0,top,C9,CL10A225KP8NNNC,,C_0603_1608Metric,2u2,smt
-1.3,67.5,0.0,bottom,D1,SFH 203 P,,LED_D3.0mm_Horizontal_O1.27mm_Z6.0mm,SFH203P,tht
5.0,44.0,-90.0,top,D10,SK6812MINIRGBW-NW-P6,,LED_RGB_PLCC-6,SK6812MINIRGBW-NW-P6,smt
-5.0,44.0,-90.0,top,D11,SK6812MINIRGBW-NW-P6,,LED_RGB_PLCC-6,SK6812MINIRGBW-NW-P6,smt
-15.0,44.0,-90.0,top,D12,SK6812MINIRGBW-NW-P6,,LED_RGB_PLCC-6,SK6812MINIRGBW-NW-P6,smt
-30.9,3.8,90.0,top,D13,SMF5V0A-E3-08,,D_SMF,SMF5V0A,smt
-5.75,27.5,-90.0,top,D2,APTD1608LSURCK,,LED_0603_1608Metric,RED,smt
0.0,72.5,-90.0,top,D3,SK6812MINIRGBW-NW-P6,,LED_RGB_PLCC-6,SK6812MINIRGBW-NW-P6,smt
5.0,63.0,-90.0,top,D4,SK6812MINIRGBW-NW-P6,,LED_RGB_PLCC-6,SK6812MINIRGBW-NW-P6,smt
-5.0,63.0,-90.0,top,D5,SK6812MINIRGBW-NW-P6,,LED_RGB_PLCC-6,SK6812MINIRGBW-NW-P6,smt
-10.0,53.5,-90.0,top,D6,SK6812MINIRGBW-NW-P6,,LED_RGB_PLCC-6,SK6812MINIRGBW-NW-P6,smt
0.0,53.5,-90.0,top,D7,SK6812MINIRGBW-NW-P6,,LED_RGB_PLCC-6,SK6812MINIRGBW-NW-P6,smt
10.0,53.5,-90.0,top,D8,SK6812MINIRGBW-NW-P6,,LED_RGB_PLCC-6,SK6812MINIRGBW-NW-P6,smt
15.0,44.0,-90.0,top,D9,SK6812MINIRGBW-NW-P6,,LED_RGB_PLCC-6,SK6812MINIRGBW-NW-P6,smt
-16.5,28.0,0.0,top,F1,0603L100/12AR,,R_0603_1608Metric,1A,smt
-31.05,8.35,-90.0,top,F2,JK-SMD0603-200L,,R_0603_1608Metric,2A,smt
-6.91,20.0,90.0,top,J1,,,PinHeader_1x04_P2.54mm_Vertical,Conn_01x04_Pin,tht
24.75,21.5,0.0,top,L1,DFE322520F-2R2M=P2,,L_1210_3225Metric,2u2,smt
-13.0,36.725,180.0,top,MK1,CMM-4030DT-261075-TR ,,MIC_CMM-4030DT-261280-TR,cmm-4030dt,smt
-22.01,26.25,-90.0,top,P1,GT-USB-7051A,,USB_C_Receptacle_G-Switch_GT-USB-7051x,USB_C_Plug_USB2.0,smt
11.25,32.0,0.0,top,Q1,AO3400A,,SOT-23,AO3400A,smt
4.75,30.0,180.0,top,R1,RC0603FR-07220RL,,R_0603_1608Metric,220,smt
-3.0,26.75,0.0,top,R10,RC0603FR-0722KL,,R_0603_1608Metric,22k,smt
-5.0,35.25,90.0,top,R11,RC0603FR-0722KL,,R_0603_1608Metric,22K,smt
7.775,29.0,180.0,top,R12,RC0603FR-071KL,,R_0603_1608Metric,1K,smt
4.095,19.325,0.0,top,R13,RC0603FR-071KL,,R_0603_1608Metric,1K,smt
35.925,5.5,-90.0,top,R14,RC0603FR-07220RL,,R_0603_1608Metric,220,smt
-8.0,30.75,-90.0,top,R15,RC0603FR-07100KL,,R_0603_1608Metric,100K,smt
-6.25,30.75,90.0,top,R16,RC0603FR-0747KL,,R_0603_1608Metric,47K,smt
12.0,49.0,0.0,top,R17,RC0603FR-07220RL,,R_0603_1608Metric,220,smt
20.5,31.5,90.0,top,R18,RC0603FR-07330KL,,R_0603_1608Metric,330K,smt
23.925,27.75,180.0,top,R19,RC0603FR-0756KL,,R_0603_1608Metric,56K,smt
8.5,32.0,90.0,top,R2,RC0603FR-07100KL,,R_0603_1608Metric,100K,smt
-18.06,44.45,-90.0,top,R20,RC0603FR-07220RL,,R_0603_1608Metric,220,smt
11.25,37.425,-90.0,top,R21,RC0603FR-07100KL,,R_0603_1608Metric,100K,smt
-33.0,10.0,90.0,top,R24,RC0603FR-07100KL,,R_0603_1608Metric,100K,smt
33.0,10.0,90.0,top,R25,RC0603FR-07100KL,,R_0603_1608Metric,100K,smt
-23.77,20.38,180.0,top,R3,RC0603FR-07330KL,,R_0603_1608Metric,330K,smt
-4.4,22.5,180.0,top,R4,RC0603FR-07220RL,,R_0603_1608Metric,220,smt
-17.95,25.7,90.0,top,R5,RC0603FR-075K1L,,R_0603_1608Metric,5K1,smt
0.29,63.995,0.0,top,R6,RC0603FR-07330KL,,R_0603_1608Metric,330K,smt
-26.11,22.03,90.0,top,R7,RC0603FR-075K1L,,R_0603_1608Metric,5K1,smt
5.02,39.92,180.0,top,R8,RC0603FR-07220RL,,R_0603_1608Metric,220,smt
-5.0,37.75,0.0,top,R9,RC0603FR-0722KL,,R_0603_1608Metric,22k,smt
33.0,14.0,-90.0,top,SW1,B3U-1000P,,SW_SPST_B3U-1000P,B3U-1000P,smt
-33.0,14.0,-90.0,top,SW2,B3U-1000P,,SW_SPST_B3U-1000P,B3U-1000P,smt
8.5,38.25,90.0,top,SW3,B3U-1000P,,SW_SPST_B3U-1000P,B3U-1000P,smt
0.67,8.94,180.0,bottom,TH1,TH05-3H103F,,R_0603_1608Metric,10K_ntc,smt
0.0,33.0,-90.0,top,U1,STM32U073KCU6,,QFN-32-1EP_5x5mm_P0.5mm_EP3.45x3.45mm,STM32U073KCUx,smt
-14.25,23.75,90.0,top,U2,"IP4234CZ6,125",,SC-74-6_1.55x2.9mm_P0.95mm,IP4234CZ6,smt
0.3,61.1725,-90.0,top,U3,MCP6L01T-E/OT,,SOT-23-5,MCP6L01x-xOT,smt
5.345,22.5,-90.0,top,U4,STNS01PUR,,DFN-12-1EP_3x3mm_P0.45mm_EP1.65x2.38mm_ThermalVias,STNS01,smt
33.425,2.275,180.0,top,U5,BME280,,Bosch_LGA-8_2.5x2.5mm_P0.65mm_ClockwisePinNumbering,BME280,smt
24.5,25.0,180.0,top,U6,TLV61070ADBVR,,SOT-23-6,TLV61070ADBV,smt
1.72,37.31,180.0,top,Y1,"SC-20S,32.768kHz,20PPM,9pF",,Crystal_SMD_2012-2Pin_2.0x1.2mm,32.768K,smt
