﻿Designator,Quantity,Value,Footprint,Package,MPN,DNP,Mount_Type,Description,MANUFACTURER,PRICE,LCSC,VER
BT1,1,3v3 AA,BatteryHolder_Keystone_2460_1xAA,,2460,Yes,tht,Single-cell battery,KEYSTONE,0.84,C5370863,
BZ1,1,Buzzer,Buzzer_CUI_CPT-9019S-SMT,,CPT-9019S-SMT-TR,,smt,"Buzzer, polarized",SAMESKY,1.48,C95163,
"C1, C10, C11, C12, C13, C14, C16, C19, C20, C21, C23, C24, C26, C4, C8",15,100n,C_0603_1608Metric,,CL10B104KO8NNNC,,smt,Unpolarized capacitor,KEMET,0.006,C66501,1
C15,1,4u7,C_0603_1608Metric,,CL10B104KO8NNNC,,smt,Unpolarized capacitor,KEMET,0.006,C66501,
"C17, C5",2,4u7,C_0603_1608Metric,,CL10A475KP8NNNC,,smt,Unpolarized capacitor,SAMSUNG,0.0045,C1705,
"C18, C22",2,47u,C_1206_3216Metric,,  GRM31CR61A476ME15L ,,smt,Unpolarized capacitor,,0.0449,C94034,
"C2, C25, C3",3,10P,C_0603_1608Metric,,CC0603JRNPO8BN100,,smt,Unpolarized capacitor,,0.002,C1853175,
"C6, C7, C9",3,2u2,C_0603_1608Metric,,CL10A225KP8NNNC,,smt,Unpolarized capacitor,,0.0054,C1607,
D1,1,SFH203P,LED_D3.0mm_Horizontal_O1.27mm_Z6.0mm,,SFH 203 P,Yes,tht,Photodiode,OSRAM,0.55,,
"D10, D11, D12, D3, D4, D5, D6, D7, D8, D9",10,SK6812MINIRGBW-NW-P6,LED_RGB_PLCC-6,,SK6812MINIRGBW-NW-P6,,smt,,,0.09,C7423107,1
D13,1,SMF5V0A,D_SMF,,SMF5V0A-E3-08,,smt,"200W unidirectional Transil Transient Voltage Suppressor, 5Vrwm, SMF",,0.11,C1972946,
D2,1,RED,LED_0603_1608Metric,,APTD1608LSURCK,,smt,"940nm, 20 deg, Infrared LED, 1206",,0.15,C5342734,
F1,1,1A,R_0603_1608Metric,,0603L100/12AR,,smt,"Resettable fuse, polymeric positive temperature coefficient",,0.07,C33977641,
F2,1,2A,R_0603_1608Metric,,JK-SMD0603-200L,,smt,"Resettable fuse, polymeric positive temperature coefficient",,0.06,C720073,
J1,1,Conn_01x04_Pin,PinHeader_1x04_P2.54mm_Vertical,,,Yes,tht,"Generic connector, single row, 01x04, script generated",,,,
L1,1,2u2,L_1210_3225Metric,,DFE322520F-2R2M=P2,,smt,Inductor,,0.5,C6021483,
MK1,1,cmm-4030dt,MIC_CMM-4030DT-261280-TR,,CMM-4030DT-261075-TR ,,smt,mems pdm 1.8-3.6v/680uA 58dba s/n,,1.5,,
P1,1,USB_C_Plug_USB2.0,USB_C_Receptacle_G-Switch_GT-USB-7051x,,GT-USB-7051A,,smt,USB 2.0-only Type-C Plug connector,,0.35,C2843970,
Q1,1,AO3400A,SOT-23,,AO3400A,,smt,"30V Vds, 5.7A Id, N-Channel MOSFET, SOT-23",,0.02,C49195711,
"R1, R14, R17, R20, R4, R8",6,220,R_0603_1608Metric,,RC0603FR-07220RL,,smt,Resistor,,0.001,C107696,1
"R10, R9",2,22k,R_0603_1608Metric,,RC0603FR-0722KL,,smt,Resistor,,0.001,C114065,
R11,1,22K,R_0603_1608Metric,,RC0603FR-0722KL,,smt,Resistor,,0.001,C114065,
"R12, R13",2,1K,R_0603_1608Metric,,RC0603FR-071KL,,smt,Resistor,,0.001,C22548,
"R15, R2, R21, R24, R25",5,100K,R_0603_1608Metric,,RC0603FR-07100KL,,smt,Resistor,,0.001,C14675,
R16,1,47K,R_0603_1608Metric,,RC0603FR-0747KL,,smt,Resistor,,0.001,C105579,
"R18, R3, R6",3,330K,R_0603_1608Metric,,RC0603FR-07330KL,,smt,Resistor,,0.002,C114618,
R19,1,56K,R_0603_1608Metric,,RC0603FR-0756KL,,smt,Resistor,,0.001,C114630,
"R5, R7",2,5K1,R_0603_1608Metric,,RC0603FR-075K1L,,smt,Resistor,,0.0011,C105580,
"SW1, SW2, SW3",3,B3U-1000P,SW_SPST_B3U-1000P,,B3U-1000P,,smt,Omron B3FS 6x6mm single pole normally-open tactile switch,,0.114,C231329,
TH1,1,10K_ntc,R_0603_1608Metric,,TH05-3H103F,Yes,smt,"Temperature dependent resistor, negative temperature coefficient",,0.3,,
U1,1,STM32U073KCUx,QFN-32-1EP_5x5mm_P0.5mm_EP3.45x3.45mm,,STM32U073KCU6,,smt,"STMicroelectronics Arm Cortex-M0+ MCU, 256KB flash, 40KB RAM, 56 MHz, 27 GPIO, UFQFPN32",,2,C22445363,
U2,1,IP4234CZ6,SC-74-6_1.55x2.9mm_P0.95mm,,"IP4234CZ6,125",,smt,"ESD Protection, 2 channel, USB 2.0 to IEC 61000-4-2 level 4, 5.5V, SOT457 (SC-74-6)",,0.3,C455086,
U3,1,MCP6L01x-xOT,SOT-23-5,,MCP6L01T-E/OT,,smt,"Single, 1 MHz, 85µA, Rail-to-Rail input and output, SOT-23-5",,0.4,C145745,
U4,1,STNS01,DFN-12-1EP_3x3mm_P0.45mm_EP1.65x2.38mm_ThermalVias,,STNS01PUR,,smt,1CELL LI BATT CHARGER WITH LDO,,2,C2848343,
U5,1,BME280,Bosch_LGA-8_2.5x2.5mm_P0.65mm_ClockwisePinNumbering,,BME280,,smt,"3-in-1 sensor, humidity, pressure, temperature, I2C and SPI interface, 1.71-3.6V, LGA-8",,2.7,C92489,
U6,1,TLV61070ADBV,SOT-23-6,,TLV61070ADBVR,,smt,"Boost Converter, 2.5A switch current limit, 2.2-5.5V Output Voltage, 0.5-5.5V Input Voltage, SOT-23-6",,0.3,C6881375,
Y1,1,32.768K,Crystal_SMD_2012-2Pin_2.0x1.2mm,,"SC-20S,32.768kHz,20PPM,9pF",,smt,Two pin crystal,,0.2,C97603,
